tag,file,line,module,page
1x-attachment,modules/ROOT/pages/_partials/commons/common-upgrade.adoc:,70,ROOT,common-upgrade.adoc:
add-document-replication-listener,modules/ROOT/pages/_partials/commons/common-sgw-replication-monitor.adoc:,187,ROOT,common-sgw-replication-monitor.adoc:
autopurge-override,modules/ROOT/pages/_partials/commons/common-sgw-replication.adoc:,455,ROOT,common-sgw-replication.adoc:
basic-authentication,modules/ROOT/pages/_partials/commons/common-sgw-replication.adoc:,230,ROOT,common-sgw-replication.adoc:
batch,modules/ROOT/pages/_partials/commons/common-document.adoc:,412,ROOT,common-document.adoc:
blob,modules/ROOT/pages/_partials/commons/common-blob.adoc:,52,ROOT,common-blob.adoc:
certificate-pinning,modules/ROOT/pages/_partials/commons/common-cert-pinning.adoc:,26,ROOT,common-cert-pinning.adoc:
certificate-pinning,modules/ROOT/pages/_partials/commons/common-sgw-replication.adoc:,647,ROOT,common-sgw-replication.adoc:
console-logging,modules/ROOT/pages/_partials/commons/common-logging.adoc:,100,ROOT,common-logging.adoc:
console-logging-db,modules/ROOT/pages/_partials/commons/common-database.adoc:,146,ROOT,common-database.adoc:
custom-logging,modules/ROOT/pages/_partials/commons/common-logging.adoc:,166,ROOT,common-logging.adoc:
database-encryption,modules/ROOT/pages/_partials/commons/common-database-encryption.adoc:,14,ROOT,common-database-encryption.adoc:
database-replica,modules/ROOT/pages/_partials/commons/common-dbreplica.adoc:,30,ROOT,common-dbreplica.adoc:
datatype_array,modules/ROOT/pages/_partials/commons/common-document.adoc:,309,ROOT,common-document.adoc:
datatype_dictionary,modules/ROOT/pages/_partials/commons/common-document.adoc:,285,ROOT,common-document.adoc:
datatype_mutable_array,modules/ROOT/pages/_partials/commons/common-document.adoc:,317,ROOT,common-document.adoc:
datatype_mutable_dictionary,modules/ROOT/pages/_partials/commons/common-document.adoc:,294,ROOT,common-document.adoc:
datatype_usage_closedb,modules/ROOT/pages/_partials/commons/common-document.adoc:,221,ROOT,common-document.adoc:
datatype_usage_createdb,modules/ROOT/pages/_partials/commons/common-document.adoc:,146,ROOT,common-document.adoc:
datatype_usage_createdoc,modules/ROOT/pages/_partials/commons/common-document.adoc:,158,ROOT,common-document.adoc:
datatype_usage_mutarray,modules/ROOT/pages/_partials/commons/common-document.adoc:,182,ROOT,common-document.adoc:
datatype_usage_mutdict,modules/ROOT/pages/_partials/commons/common-document.adoc:,171,ROOT,common-document.adoc:
datatype_usage_persist,modules/ROOT/pages/_partials/commons/common-document.adoc:,213,ROOT,common-document.adoc:
datatype_usage_populate,modules/ROOT/pages/_partials/commons/common-document.adoc:,192,ROOT,common-document.adoc:
datatype_usage_release,modules/ROOT/pages/_partials/commons/common-document.adoc:,230,ROOT,common-document.adoc:
date-getter,modules/ROOT/pages/_partials/commons/common-document.adoc:,266,ROOT,common-document.adoc:
document-expiration,modules/ROOT/pages/_partials/commons/common-document.adoc:,475,ROOT,common-document.adoc:
document-listener,modules/ROOT/pages/_partials/commons/common-document.adoc:,429,ROOT,common-document.adoc:
file-logging,modules/ROOT/pages/_partials/commons/common-logging.adoc:,139,ROOT,common-logging.adoc:
fts-index,modules/ROOT/pages/_partials/commons/common-fts.adoc:,31,ROOT,common-fts.adoc:
fts-index_Querybuilder,modules/ROOT/pages/_partials/commons/common-fts.adoc:,58,ROOT,common-fts.adoc:
fts-query,modules/ROOT/pages/_partials/commons/common-fts.adoc:,46,ROOT,common-fts.adoc:
fts-query_Querybuilder,modules/ROOT/pages/_partials/commons/common-fts.adoc:,70,ROOT,common-fts.adoc:
initializer,modules/ROOT/pages/_partials/commons/common-document.adoc:,345,ROOT,common-document.adoc:
listener-config-client-auth-lambda,modules/ROOT/pages/_partials/commons/common-p2psync-websocket-using-passive.adoc:,340,ROOT,common-p2psync-websocket-using-passive.adoc:
listener-config-client-auth-pwd,modules/ROOT/pages/_partials/commons/common-p2psync-websocket-using-passive.adoc:,302,ROOT,common-p2psync-websocket-using-passive.adoc:
listener-config-db,modules/ROOT/pages/_partials/commons/common-p2psync-websocket-using-passive.adoc:,109,ROOT,common-p2psync-websocket-using-passive.adoc:
listener-config-delta-sync,modules/ROOT/pages/_partials/commons/common-p2psync-websocket-using-passive.adoc:,178,ROOT,common-p2psync-websocket-using-passive.adoc:
listener-config-netw-iface,modules/ROOT/pages/_partials/commons/common-p2psync-websocket-using-passive.adoc:,143,ROOT,common-p2psync-websocket-using-passive.adoc:
listener-config-port,modules/ROOT/pages/_partials/commons/common-p2psync-websocket-using-passive.adoc:,126,ROOT,common-p2psync-websocket-using-passive.adoc:
listener-config-tls-enable;listener-config-tls-id-anon,modules/ROOT/pages/_partials/commons/common-p2psync-websocket-using-passive.adoc:,254,ROOT,common-p2psync-websocket-using-passive.adoc:
listener-config-tls-enable;listener-config-tls-id-full;!listener-config-tls-id-caCert;!listener-config-tls-id-anon,modules/ROOT/pages/_partials/commons/common-p2psync-websocket-using-passive.adoc:,238,ROOT,common-p2psync-websocket-using-passive.adoc:
listener-config-tls-enable;listener-config-tls-id-full;!listener-config-tls-id-SelfSigned;!listener-config-tls-id-anon,modules/ROOT/pages/_partials/commons/common-p2psync-websocket-using-passive.adoc:,226,ROOT,common-p2psync-websocket-using-passive.adoc:
listener-get-network-interfaces,modules/ROOT/pages/_partials/commons/common-p2psync-websocket-using-passive.adoc:,162,ROOT,common-p2psync-websocket-using-passive.adoc:
listener-simple,modules/ROOT/pages/_partials/commons/common-p2psync-websocket.adoc:,133,ROOT,common-p2psync-websocket.adoc:
listener-start,modules/ROOT/pages/_partials/commons/common-p2psync-websocket-using-passive.adoc:,429,ROOT,common-p2psync-websocket-using-passive.adoc:
listener-status-check,modules/ROOT/pages/_partials/commons/common-p2psync-websocket-using-passive.adoc:,446,ROOT,common-p2psync-websocket-using-passive.adoc:
listener-stop,modules/ROOT/pages/_partials/commons/common-p2psync-websocket-using-passive.adoc:,459,ROOT,common-p2psync-websocket-using-passive.adoc:
live-query,modules/ROOT/pages/_partials/commons/common-query-live-query.adoc:,19,ROOT,common-query-live-query.adoc:
logging,modules/ROOT/pages/_partials/commons/common-logging.adoc:,260,ROOT,common-logging.adoc:
p2p-act-rep-auth,modules/ROOT/pages/_partials/commons/common-p2psync-websocket-using-active.adoc:,136,ROOT,common-p2psync-websocket-using-active.adoc:
p2p-act-rep-config-type;p2p-act-rep-config-cont,modules/ROOT/pages/_partials/commons/common-sgw-replication-cfg-sync-mode.adoc:,24,ROOT,common-sgw-replication-cfg-sync-mode.adoc:
p2p-act-rep-start-full;!p2p-act-rep-add-change-listener,modules/ROOT/pages/_partials/commons/common-sgw-replication-init.adoc:,12,ROOT,common-sgw-replication-init.adoc:
p2p-act-rep-stop,modules/ROOT/pages/_partials/commons/common-sgw-replication-stop.adoc:,19,ROOT,common-sgw-replication-stop.adoc:
p2p-tlsid-delete-id-from-keychain,modules/ROOT/pages/_partials/commons/common-p2psync-websocket-manage-tls-id.adoc:,101,ROOT,common-p2psync-websocket-manage-tls-id.adoc:
p2p-tlsid-delete-id-from-keychain,modules/ROOT/pages/_partials/commons/common-p2psync-websocket-using-passive.adoc:,365,ROOT,common-p2psync-websocket-using-passive.adoc:
p2p-tlsid-tlsidentity-with-label,modules/ROOT/pages/_partials/commons/common-p2psync-websocket-using-active.adoc:,160,ROOT,common-p2psync-websocket-using-active.adoc:
prebuilt-database,modules/ROOT/pages/_partials/commons/common-prebuilt-database.adoc:,141,ROOT,common-prebuilt-database.adoc:
predictive-model,modules/ROOT/pages/_partials/commons/common-query-predictive.adoc:,22,ROOT,common-query-predictive.adoc:
predictive-model,modules/ROOT/pages/_partials/commons/common-querybuilder.adoc:,674,ROOT,common-querybuilder.adoc:
predictive-query,modules/ROOT/pages/_partials/commons/common-query-predictive.adoc:,71,ROOT,common-query-predictive.adoc:
predictive-query,modules/ROOT/pages/_partials/commons/common-querybuilder.adoc:,735,ROOT,common-querybuilder.adoc:
predictive-query-predictive-index,modules/ROOT/pages/_partials/commons/common-query-predictive.adoc:,63,ROOT,common-query-predictive.adoc:
predictive-query-predictive-index,modules/ROOT/pages/_partials/commons/common-querybuilder.adoc:,722,ROOT,common-querybuilder.adoc:
predictive-query-value-index,modules/ROOT/pages/_partials/commons/common-query-predictive.adoc:,52,ROOT,common-query-predictive.adoc:
predictive-query-value-index,modules/ROOT/pages/_partials/commons/common-querybuilder.adoc:,710,ROOT,common-querybuilder.adoc:
query-access-all,modules/ROOT/pages/_partials/commons/common-query-resultsets.adoc:,119,ROOT,common-query-resultsets.adoc:
query-access-all,modules/ROOT/pages/_partials/commons/common-querybuilder.adoc:,495,ROOT,common-querybuilder.adoc:
query-access-count-only,modules/ROOT/pages/_partials/commons/common-querybuilder.adoc:,619,ROOT,common-querybuilder.adoc:
query-access-id,modules/ROOT/pages/_partials/commons/common-query-resultsets.adoc:,158,ROOT,common-query-resultsets.adoc:
query-access-id,modules/ROOT/pages/_partials/commons/common-querybuilder.adoc:,578,ROOT,common-querybuilder.adoc:
query-access-json,modules/ROOT/pages/_partials/commons/common-querybuilder-jsonresult.adoc:,4,ROOT,common-querybuilder-jsonresult.adoc:
query-access-props,modules/ROOT/pages/_partials/commons/common-query-resultsets.adoc:,192,ROOT,common-query-resultsets.adoc:
query-access-props,modules/ROOT/pages/_partials/commons/common-querybuilder.adoc:,539,ROOT,common-querybuilder.adoc:
query-collection-operator-contains,modules/ROOT/pages/_partials/commons/common-querybuilder.adoc:,213,ROOT,common-querybuilder.adoc:
query-collection-operator-in,modules/ROOT/pages/_partials/commons/common-querybuilder.adoc:,222,ROOT,common-querybuilder.adoc:
query-deleted-documents,modules/ROOT/pages/_partials/commons/common-querybuilder.adoc:,313,ROOT,common-querybuilder.adoc:
query-explain-function,modules/ROOT/pages/_partials/commons/common-query-troubleshooting.adoc:,235,ROOT,common-query-troubleshooting.adoc:
query-explain-like,modules/ROOT/pages/_partials/commons/common-query-troubleshooting.adoc:,199,ROOT,common-query-troubleshooting.adoc:
query-explain-nofunction,modules/ROOT/pages/_partials/commons/common-query-troubleshooting.adoc:,251,ROOT,common-query-troubleshooting.adoc:
query-explain-nopfx,modules/ROOT/pages/_partials/commons/common-query-troubleshooting.adoc:,216,ROOT,common-query-troubleshooting.adoc:
query-get-all;tojson-document,modules/ROOT/pages/_partials/commons/common-document.adoc:,614,ROOT,common-document.adoc:
query-groupby,modules/ROOT/pages/_partials/commons/common-querybuilder.adoc:,353,ROOT,common-querybuilder.adoc:
query-index,modules/ROOT/pages/_partials/commons/common-indexing.adoc:,87,ROOT,common-indexing.adoc:
query-index_Querybuilder,modules/ROOT/pages/_partials/commons/common-indexing.adoc:,99,ROOT,common-indexing.adoc:
query-join,modules/ROOT/pages/_partials/commons/common-querybuilder.adoc:,326,ROOT,common-querybuilder.adoc:
query-like-operator,modules/ROOT/pages/_partials/commons/common-querybuilder.adoc:,245,ROOT,common-querybuilder.adoc:
query-like-operator-wildcard-character-match,modules/ROOT/pages/_partials/commons/common-querybuilder.adoc:,280,ROOT,common-querybuilder.adoc:
query-like-operator-wildcard-match,modules/ROOT/pages/_partials/commons/common-querybuilder.adoc:,266,ROOT,common-querybuilder.adoc:
query-orderby,modules/ROOT/pages/_partials/commons/common-querybuilder.adoc:,377,ROOT,common-querybuilder.adoc:
query-regex-operator,modules/ROOT/pages/_partials/commons/common-querybuilder.adoc:,294,ROOT,common-querybuilder.adoc:
query-select-all,modules/ROOT/pages/_partials/commons/common-querybuilder.adoc:,110,ROOT,common-querybuilder.adoc:
query-select-props,modules/ROOT/pages/_partials/commons/common-querybuilder.adoc:,140,ROOT,common-querybuilder.adoc:
query-syntax-all,modules/ROOT/pages/_partials/commons/common-querybuilder.adoc:,465,ROOT,common-querybuilder.adoc:
query-syntax-count-only,modules/ROOT/pages/_partials/commons/common-querybuilder.adoc:,592,ROOT,common-querybuilder.adoc:
query-syntax-id,modules/ROOT/pages/_partials/commons/common-querybuilder.adoc:,552,ROOT,common-querybuilder.adoc:
query-syntax-n1ql-params,modules/ROOT/pages/_partials/commons/common-query-n1ql-mobile.adoc:,2022,ROOT,common-query-n1ql-mobile.adoc:
query-syntax-pagination,modules/ROOT/pages/_partials/commons/common-querybuilder.adoc:,632,ROOT,common-querybuilder.adoc:
query-syntax-props,modules/ROOT/pages/_partials/commons/common-querybuilder.adoc:,512,ROOT,common-querybuilder.adoc:
query-where,modules/ROOT/pages/_partials/commons/common-querybuilder.adoc:,190,ROOT,common-querybuilder.adoc:
register-model,modules/ROOT/pages/_partials/commons/common-query-predictive.adoc:,33,ROOT,common-query-predictive.adoc:
register-model,modules/ROOT/pages/_partials/commons/common-querybuilder.adoc:,688,ROOT,common-querybuilder.adoc:
remove-document-replication-listener,modules/ROOT/pages/_partials/commons/common-sgw-replication-monitor.adoc:,194,ROOT,common-sgw-replication-monitor.adoc:
replication-conflict-resolver,modules/ROOT/pages/_partials/commons/common-conflict.adoc:,222,ROOT,common-conflict.adoc:
replication-custom-header,modules/ROOT/pages/_partials/commons/common-sgw-replication.adoc:,264,ROOT,common-sgw-replication.adoc:
replication-error-handling,modules/ROOT/pages/_partials/commons/common-sgw-replication.adoc:,569,ROOT,common-sgw-replication.adoc:
replication-logging,modules/ROOT/pages/_partials/commons/common-sgw-replication.adoc:,668,ROOT,common-sgw-replication.adoc:
replication-pendingdocuments,modules/ROOT/pages/_partials/commons/common-sgw-replication-monitor.adoc:,223,ROOT,common-sgw-replication-monitor.adoc:
replication-pull-filter,modules/ROOT/pages/_partials/commons/common-sgw-replication.adoc:,302,ROOT,common-sgw-replication.adoc:
replication-push-filter,modules/ROOT/pages/_partials/commons/common-sgw-replication.adoc:,279,ROOT,common-sgw-replication.adoc:
replication-reset-checkpoint,modules/ROOT/pages/_partials/commons/common-sgw-replication.adoc:,539,ROOT,common-sgw-replication.adoc:
replication-retry-config,modules/ROOT/pages/_partials/commons/common-sgw-replication-cfg-retry.adoc:,72,ROOT,common-sgw-replication-cfg-retry.adoc:
replicator-simple,modules/ROOT/pages/_partials/commons/common-p2psync-websocket.adoc:,146,ROOT,common-p2psync-websocket.adoc:
session-authentication,modules/ROOT/pages/_partials/commons/common-sgw-replication.adoc:,248,ROOT,common-sgw-replication.adoc:
set-custom-logging,modules/ROOT/pages/_partials/commons/common-logging.adoc:,174,ROOT,common-logging.adoc:
sgw-act-rep-initialize,modules/ROOT/pages/_partials/commons/common-sgw-replication-cfg-tgt.adoc:,26,ROOT,common-sgw-replication-cfg-tgt.adoc:
sgw-act-rep-network-interface,modules/ROOT/pages/_partials/commons/common-sgw-replication-cfg-network-interface.adoc:,10,ROOT,common-sgw-replication-cfg-network-interface.adoc:
stop-live-query,modules/ROOT/pages/_partials/commons/common-query-live-query.adoc:,29,ROOT,common-query-live-query.adoc:
to-dictionary;to-json,modules/ROOT/pages/_partials/commons/common-document.adoc:,394,ROOT,common-document.adoc:
tojson-array,modules/ROOT/pages/_partials/commons/common-document.adoc:,545,ROOT,common-document.adoc:
tojson-blob,modules/ROOT/pages/_partials/commons/common-document.adoc:,573,ROOT,common-document.adoc:
tojson-dictionary,modules/ROOT/pages/_partials/commons/common-document.adoc:,594,ROOT,common-document.adoc:
unregister-model,modules/ROOT/pages/_partials/commons/common-query-predictive.adoc:,83,ROOT,common-query-predictive.adoc:
unregister-model,modules/ROOT/pages/_partials/commons/common-querybuilder.adoc:,749,ROOT,common-querybuilder.adoc:
update-document,modules/ROOT/pages/_partials/commons/common-document.adoc:,376,ROOT,common-document.adoc:
update-document-with-conflict-handler,modules/ROOT/pages/_partials/commons/common-conflict.adoc:,289,ROOT,common-conflict.adoc: